{"cameraMode":{"drawMode":0,"name":"Shaded","section":"Shading Mode"},"sceneLighting":true,"audioPlay":false,"sceneViewState":{"m_AlwaysRefresh":false,"showFog":true,"showSkybox":true,"showFlares":true,"showImageEffects":true,"showParticleSystems":true,"showVisualEffectGraphs":true,"m_FxEnabled":true},"in2DMode":false,"pivot":{"x":0.21000003814697267,"y":0.4000000059604645,"z":2.115000009536743},"rotation":{"x":0.27174872159957888,"y":-0.1618608981370926,"z":0.046379685401916507,"w":0.947467029094696},"size":6.219200134277344,"orthographic":false}