{"cameraMode":{"drawMode":0,"name":"Shaded","section":"Shading Mode"},"sceneLighting":true,"audioPlay":false,"sceneViewState":{"m_AlwaysRefresh":false,"showFog":true,"showSkybox":true,"showFlares":true,"showImageEffects":true,"showParticleSystems":true,"showVisualEffectGraphs":true,"m_FxEnabled":true},"in2DMode":false,"pivot":{"x":-0.3099457323551178,"y":-1.9861226081848145,"z":7.791471481323242},"rotation":{"x":-0.12326928973197937,"y":0.2044675499200821,"z":-0.02596433274447918,"w":-0.9707340002059937},"size":7.9435906410217289,"orthographic":false}